[
    {
        "id": "a9c869f53582bd55",
        "type": "tab",
        "label": "Flow 1",
        "disabled": false,
        "info": "",
        "env": []
    },
    {
        "id": "f7040c5c4b5c8160",
        "type": "mqtt in",
        "z": "a9c869f53582bd55",
        "name": "",
        "topic": "BMO_Loudness",
        "qos": "2",
        "datatype": "auto-detect",
        "broker": "bfbe82f65d674b33",
        "nl": false,
        "rap": true,
        "rh": 0,
        "inputs": 0,
        "x": 120,
        "y": 200,
        "wires": [
            [
                "b8e54af8df6db611"
            ]
        ]
    },
    {
        "id": "7c876dd0e6bb4ef9",
        "type": "function",
        "z": "a9c869f53582bd55",
        "name": "function 1",
        "func": "let value = Number(msg.payload);\n\nif (value >= 4095) msg.payload = '0';\nelse if (value >= 2500) msg.payload = '1';\nelse msg.payload = '2';\n\nreturn msg;",
        "outputs": 1,
        "timeout": 0,
        "noerr": 0,
        "initialize": "",
        "finalize": "",
        "libs": [],
        "x": 380,
        "y": 200,
        "wires": [
            [
                "3af6acb1acbdafc8"
            ]
        ]
    },
    {
        "id": "3af6acb1acbdafc8",
        "type": "mqtt out",
        "z": "a9c869f53582bd55",
        "name": "",
        "topic": "BMOface",
        "qos": "",
        "retain": "",
        "respTopic": "",
        "contentType": "",
        "userProps": "",
        "correl": "",
        "expiry": "",
        "broker": "bfbe82f65d674b33",
        "x": 580,
        "y": 200,
        "wires": []
    },
    {
        "id": "b86c386afc5aaf53",
        "type": "comment",
        "z": "a9c869f53582bd55",
        "name": "MQTT audio to LED display on BMO",
        "info": "",
        "x": 260,
        "y": 160,
        "wires": []
    },
    {
        "id": "b8e54af8df6db611",
        "type": "delay",
        "z": "a9c869f53582bd55",
        "name": "",
        "pauseType": "rate",
        "timeout": "5",
        "timeoutUnits": "seconds",
        "rate": "1",
        "nbRateUnits": "0.01",
        "rateUnits": "second",
        "randomFirst": "1",
        "randomLast": "5",
        "randomUnits": "seconds",
        "drop": true,
        "allowrate": false,
        "outputs": 1,
        "x": 270,
        "y": 360,
        "wires": [
            [
                "7c876dd0e6bb4ef9",
                "a668a7f8c785de7c"
            ]
        ]
    },
    {
        "id": "5a987d1ef13b1cc0",
        "type": "mqtt in",
        "z": "a9c869f53582bd55",
        "name": "",
        "topic": "BMO_Scene",
        "qos": "2",
        "datatype": "auto-detect",
        "broker": "bfbe82f65d674b33",
        "nl": false,
        "rap": true,
        "rh": 0,
        "inputs": 0,
        "x": 130,
        "y": 420,
        "wires": [
            [
                "c24fbb715b6e5ee8",
                "bb504b40d03acc58"
            ]
        ]
    },
    {
        "id": "2a5339947781a347",
        "type": "ui_slider",
        "z": "a9c869f53582bd55",
        "name": "",
        "label": "Volume",
        "tooltip": "",
        "group": "a8a6802fb88a0ed7",
        "order": 0,
        "width": 0,
        "height": 0,
        "passthru": true,
        "outs": "all",
        "topic": "topic",
        "topicType": "msg",
        "min": 0,
        "max": "30",
        "step": 1,
        "className": "",
        "x": 120,
        "y": 760,
        "wires": [
            [
                "0de77456c4593854"
            ]
        ]
    },
    {
        "id": "dfc733f4bdf61bd1",
        "type": "mqtt out",
        "z": "a9c869f53582bd55",
        "name": "",
        "topic": "BMO_Volume",
        "qos": "",
        "retain": "",
        "respTopic": "",
        "contentType": "",
        "userProps": "",
        "correl": "",
        "expiry": "",
        "broker": "bfbe82f65d674b33",
        "x": 620,
        "y": 720,
        "wires": []
    },
    {
        "id": "c70dfd4dafe7fea8",
        "type": "debug",
        "z": "a9c869f53582bd55",
        "name": "debug 1",
        "active": true,
        "tosidebar": true,
        "console": false,
        "tostatus": false,
        "complete": "false",
        "statusVal": "",
        "statusType": "auto",
        "x": 600,
        "y": 800,
        "wires": []
    },
    {
        "id": "0de77456c4593854",
        "type": "trigger",
        "z": "a9c869f53582bd55",
        "name": "",
        "op1": "",
        "op2": "0",
        "op1type": "pay",
        "op2type": "str",
        "duration": "-250",
        "extend": false,
        "overrideDelay": false,
        "units": "ms",
        "reset": "",
        "bytopic": "all",
        "topic": "topic",
        "outputs": 1,
        "x": 360,
        "y": 760,
        "wires": [
            [
                "dfc733f4bdf61bd1",
                "c70dfd4dafe7fea8"
            ]
        ]
    },
    {
        "id": "a668a7f8c785de7c",
        "type": "debug",
        "z": "a9c869f53582bd55",
        "name": "debug 2",
        "active": true,
        "tosidebar": true,
        "console": false,
        "tostatus": false,
        "complete": "false",
        "statusVal": "",
        "statusType": "auto",
        "x": 440,
        "y": 260,
        "wires": []
    },
    {
        "id": "c24fbb715b6e5ee8",
        "type": "mqtt out",
        "z": "a9c869f53582bd55",
        "name": "",
        "topic": "Neptr_Scene",
        "qos": "",
        "retain": "",
        "respTopic": "",
        "contentType": "",
        "userProps": "",
        "correl": "",
        "expiry": "",
        "broker": "bfbe82f65d674b33",
        "x": 390,
        "y": 420,
        "wires": []
    },
    {
        "id": "bb504b40d03acc58",
        "type": "debug",
        "z": "a9c869f53582bd55",
        "name": "debug 3",
        "active": true,
        "tosidebar": true,
        "console": false,
        "tostatus": false,
        "complete": "false",
        "statusVal": "",
        "statusType": "auto",
        "x": 320,
        "y": 500,
        "wires": []
    },
    {
        "id": "bfbe82f65d674b33",
        "type": "mqtt-broker",
        "name": "",
        "broker": "10.201.48.63",
        "port": "1883",
        "clientid": "",
        "autoConnect": true,
        "usetls": false,
        "protocolVersion": "4",
        "keepalive": "60",
        "cleansession": true,
        "autoUnsubscribe": true,
        "birthTopic": "",
        "birthQos": "0",
        "birthRetain": "false",
        "birthPayload": "",
        "birthMsg": {},
        "closeTopic": "",
        "closeQos": "0",
        "closeRetain": "false",
        "closePayload": "",
        "closeMsg": {},
        "willTopic": "",
        "willQos": "0",
        "willRetain": "false",
        "willPayload": "",
        "willMsg": {},
        "userProps": "",
        "sessionExpiry": ""
    },
    {
        "id": "a8a6802fb88a0ed7",
        "type": "ui_group",
        "name": "Default",
        "tab": "df7d3acc07771317",
        "order": 1,
        "disp": true,
        "width": "6",
        "collapse": false,
        "className": ""
    },
    {
        "id": "df7d3acc07771317",
        "type": "ui_tab",
        "name": "Home",
        "icon": "dashboard",
        "disabled": false,
        "hidden": false
    }
]